{
  "hour": {
    "mean": 12.916137733475836,
    "std": 6.692877957654107,
    "min": 0.0,
    "max": 23.0
  },
  "day_of_week": {
    "mean": 3.0162562435928195,
    "std": 1.99757771436804,
    "min": 0.0,
    "max": 6.0
  },
  "month": {
    "mean": 6.606417722715409,
    "std": 3.352864095039211,
    "min": 1.0,
    "max": 12.0
  },
  "is_weekend": {
    "mean": 0.28743320173620956,
    "std": 0.45256530608949797,
    "min": 0.0,
    "max": 1.0
  },
  "community_area_id": {
    "mean": 36.83379283268262,
    "std": 21.475857488418537,
    "min": 1.0,
    "max": 77.0
  },
  "distance_to_nearest_station": {
    "mean": 1604.485070301946,
    "std": 1618.0911980910705,
    "min": 0.3255429081079573,
    "max": 11461.022214814837
  },
  "stations_within_500m": {
    "mean": 0.4700009451727121,
    "std": 1.2564884447124782,
    "min": 0.0,
    "max": 12.0
  }
}